Id,Name,Description,SortOrder
BIBLE,The Beginning,"In a distant beginning, the world is shaped by a mysterious and powerful force, bringing light from darkness and order from chaos. As life emerges, humans find themselves entangled in choices with far-reaching consequences—decisions that ripple through generations. From a forbidden fruit to a devastating flood, the story unfolds with divine encounters, secret covenants, and a journey across foreign lands. It follows a chosen family whose destiny is intertwined with promises and betrayals, blessings and curses, as they navigate an uncertain future under the shadow of something far greater than themselves.",1
BIBLE,The Departure,"A people bound in chains serve a ruthless empire, their cries for freedom echoing into the unknown. When hope seems lost, a mysterious figure emerges from the wilderness, bearing signs of power and ancient promises. Plagues descend upon the land, rivers turn to blood, and darkness spreads as the enslaved are drawn toward a perilous escape. Pursued by an unrelenting force, they wander through desolate lands, guided only by pillars of fire and cloud. Along the way, laws are etched in stone, mountains tremble, and a covenant is forged—a promise of a new land, if they can survive the trials that lie ahead.",2
BIBLE,The Laws,"In the heart of a vast wilderness, a sacred space is established, filled with rituals, offerings, and whispered secrets of divine order. A people seeking closeness to the unseen are given strange laws and precise instructions, guiding their every act of worship. Blood is spilled, fires are kindled, and the air grows thick with incense as they learn the cost of approaching the divine. Holiness is demanded, but the path is perilous—missteps invite danger, yet obedience promises purity and life in the shadow of an overwhelming presence that dwells among them.",3
BIBLE,The Wanderings,"A restless people, wandering through the barren wilderness, struggle to find their way toward a promised land. Their journey is marked by counting—of tribes, of warriors, of days—but it is their trials and rebellions that define them. Plagued by doubts and discord, they are tested by fire, serpents, and famine, always teetering on the edge of destruction. Along the way, mysterious figures rise and fall, prophecies unfold, and miraculous signs point the way forward. Yet as they near their destination, the weight of their journey threatens to overwhelm them, leaving the future shrouded in uncertainty.",4
BIBLE,The Covenant,"Standing on the threshold of a new land, an aging leader speaks to a people who have wandered for years, their past marked by trials and revelations. With the future uncertain, he recounts the journey—a history of laws given in fire and thunder, of promises made and broken, of lessons learned in the wilderness. These are not mere memories, but warnings and blessings, preparing them for what lies ahead. The unseen presence that guided them still looms large, demanding faithfulness as they stand at the crossroads of destiny. What awaits them is both a promise and a test, the outcome resting on whether they will remember or forget.",5
BIBLE,The Conqueror,"A new leader rises, carrying the weight of a divine promise as he leads his people across a river that parts like the sea before them. The land ahead is filled with fortified cities and hostile kings, but mysterious signs guide their every step. Walls crumble at the sound of trumpets, and strange victories are won in the most unlikely ways. Yet, for all the battles and conquests, the challenge is not only external—there are internal struggles, loyalties tested, and the ever-present question of whether they can remain faithful to the unseen force that delivered them. As they carve out a place in this promised land, shadows of past warnings and future consequences linger, reminding them that their story is far from over.",6
BIBLE,The Judges,"In a land once promised, now fractured and wild, a cycle of chaos unfolds. Without a king, the people drift, swayed by their own desires and beset by enemies on all sides. From the shadows of this disorder, strange and flawed figures arise—judges, each chosen by an unseen hand, endowed with power to deliver their people. Their stories are marked by unlikely triumphs and devastating failures: a left-handed assassin, a woman who leads armies, a man who tears down temples with his bare hands. But for every victory, the people fall back into darkness, repeating their mistakes as the land descends into deeper unrest, and the line between hero and villain blurs in the dimming light.",7
BIBLE,The Loyal,"Amidst a time of famine and loss, when chaos reigns in the land, a quiet story of loyalty and grace emerges. A foreign widow, bound to her mother-in-law by an unshakable bond, forsakes her homeland to journey into an uncertain future. In a foreign field, she toils under the watchful eye of a man whose kindness hides deeper mysteries. Slowly, through acts of devotion and unexpected redemption, her life becomes entwined with something much larger than she could ever know. In the shadows of history, this humble tale unfolds, sowing the seeds of a legacy that will change the course of a kingdom.",8
BIBLE,The First Seer,"In a time when the voice of the divine grows faint and the land is plagued by unrest, a child is born under the shadow of unanswered prayers. Raised in the halls of a crumbling priesthood, he becomes the last great judge and the first true prophet of a new era. As the people cry out for a king to lead them, destinies collide—an anointed shepherd boy rises from obscurity, while a tormented ruler spirals into madness and jealousy. Prophecies, betrayals, and battles shape the land as it teeters between the divine will and human ambition. Amidst it all, the fragile hope of a new kingdom is forged in blood, sacrifice, and an ever-looming sense of something far greater at work in the lives of kings and prophets alike.",9
BIBLE,The Successor,"The kingdom is newly established, yet fraught with intrigue and peril as a young, once-obscure shepherd rises to power. His reign begins with triumph and unification, but the shadows of past sins and personal betrayals loom large. The tale is marked by dramatic victories, tumultuous relationships, and a dramatic affair that brings both personal and national turmoil. Amidst the glory and conquest, the kingdom grapples with its internal conflicts and moral failures. As David consolidates his rule and faces the consequences of his actions, the promises of a divine covenant intertwine with the human cost of leadership, setting the stage for a dynasty shaped by both grace and tragedy.",10
BIBLE,A Kingdom Falls - I,"The kingdom stands at its zenith under a wise and affluent ruler, whose grandeur and wisdom attract both admiration and envy. But as peace and prosperity bloom, the seeds of division and corruption are sown. The narrative unfolds with magnificent temples and divine revelations, but also with growing strife and discontent. The story shifts from the splendor of Solomon's reign to a fractured realm, plagued by rivalries and prophetic warnings. As prophets challenge kings and nations clash, the once-united kingdom splinters into discord, setting the stage for a tumultuous saga of betrayal, prophecy, and the looming shadow of impending judgment.",11
BIBLE,A Kingdom Falls - II,"The story continues in a realm now divided and beleaguered, where the echoes of past glory give way to a relentless cycle of betrayal and destruction. Kings rise and fall, their reigns marked by fleeting piety and persistent corruption. Prophets emerge as voices of defiance, challenging rulers and foretelling calamities. The land is plagued by invasions and internal strife, as the once-mighty kingdoms of Israel and Judah face their inexorable decline. Amid the chaos, the divine promises seem distant, and the sins of the past lead to the ultimate downfall, leaving a scarred and shattered legacy that hints at both judgment and a glimmer of hope for the future.",12
BIBLE,The Royal Records,"In a time of reflection and rebuilding, the past is recounted through meticulous records and genealogies, offering a solemn yet hopeful perspective on a storied lineage. The narrative revisits the reign of a king who once united a fractured realm, focusing on his divine favor and achievements. Emphasis is placed on the sacred rituals, the establishment of worship, and the centrality of the Temple in Jerusalem. Through detailed accounts and reverent storytelling, the past is honored and the lessons of history are set against the backdrop of a people striving to reconnect with their spiritual and national identity. The chronicles weave together threads of faith, leadership, and divine purpose, casting a reflective light on the path forward.",13
BIBLE,The Extended Records,"The tale of a once-glorious kingdom continues, now seen through the lens of sacred history and devotion. The narrative focuses on the grandeur of the Temple and the kings who strive to uphold its sanctity, contrasting periods of faithful reforms with the creeping decay of corruption and idolatry. As the kingdom oscillates between religious zeal and political strife, the account highlights the divine guidance offered through prophets and the consequences of forsaking it. The once-mighty kingdom's decline is portrayed as both a tragic fall and a somber lesson, leading to a moment of exile that serves as a poignant reflection on the past and a call to remember the promises made by the divine.",14
BIBLE,The Rebuilder,"Amidst the ruins of a once-great city, a new chapter begins as a remnant of the exiled people returns to their devastated homeland. Guided by divine favor and a decree from a foreign king, they embark on a journey of restoration and renewal. The focus shifts to the rebuilding of the sacred Temple and the re-establishment of ancient laws and worship practices. Amid challenges and opposition, the efforts to rekindle their spiritual and communal identity unfold. This story is one of resilience and hope, where the struggle to reclaim a broken past is intertwined with the promise of a renewed covenant and a future restored to divine favor.",15
BIBLE,The Restorer,"In the shadow of a crumbling city, a determined leader rises to rebuild what was lost. With authority granted by a distant monarch and driven by a profound sense of duty, he returns to a besieged Jerusalem, confronting both external threats and internal dissent. The task of reconstructing the city's walls is fraught with obstacles and opposition, yet through perseverance and reform, the community begins to heal and reforge its identity. Amidst the rubble, Nehemiah's leadership revives hope and unity, laying the groundwork for a restored city and a renewed covenant, while confronting the harsh realities of a people striving to reclaim their spiritual and communal heritage.",16
BIBLE,The Queen,"In a vast empire where hidden dangers lurk beneath a veneer of opulence, a young woman of humble origins is unexpectedly elevated to the heights of royal power. Through a series of fortuitous events and covert bravery, she uncovers a sinister plot against her people, orchestrated by a scheming advisor with dark intentions. Navigating the treacherous waters of palace intrigue and risking her own life, she stands as a beacon of courage and strategic acumen. Her actions, driven by both her identity and her faith, become pivotal in securing the survival of her people and transforming the fate of an entire nation, all while the shadows of intrigue and power play their relentless game.",17
BIBLE,The Suffering,"In a land of affluence and deep faith, a man of unparalleled righteousness is suddenly engulfed by unrelenting suffering and loss. Stripped of his wealth, health, and family, he grapples with intense anguish and the seeming silence of the divine. As he questions the reasons behind his plight, a series of dialogues with friends and a profound divine encounter unfold, exploring the nature of human suffering and divine justice. His journey is a haunting exploration of faith, resilience, and the enigmatic ways in which the divine interacts with human adversity, leading to a resolution that transcends simple explanations and offers a glimpse into a greater cosmic order.",18
BIBLE,The Songs,"In a tapestry of poetic verses and heartfelt expressions, a rich collection of prayers and hymns emerges from the depths of human emotion. These ancient songs capture a spectrum of experiences—from exuberant praise and profound gratitude to anguished lament and desperate pleas for deliverance. Through vivid imagery and evocative language, they reflect a dynamic relationship with the divine, revealing both the grandeur of the Creator and the vulnerabilities of the human condition. This sacred anthology resonates with timeless themes of hope, faith, and introspection, offering solace and inspiration to those who seek to connect with the divine amidst the ebb and flow of life's trials and triumphs.",19
BIBLE,The Wisdom,"In a collection of timeless wisdom, ancient sayings and practical guidance converge to offer insight into the complexities of life. These succinct, memorable proverbs distill experiences and observations into pithy maxims, covering a wide range of topics from ethics and relationships to success and folly. Through vivid imagery and sharp contrasts, they impart lessons on living wisely and justly, illuminating the path to understanding and righteousness. This compendium serves as a guide to navigating the moral landscape of human existence, blending pragmatic advice with spiritual reflection to foster a life of balance, prudence, and integrity.",20
BIBLE,The Teacher,"In a contemplative exploration of life's mysteries, a voice of profound reflection ponders the meaning of existence against the backdrop of a world marked by both grandeur and futility. The narrative navigates through the cyclical nature of life, questioning the value of human endeavors and the elusive search for lasting satisfaction. With an air of skepticism and existential inquiry, it delves into themes of vanity, time, and the limits of human understanding. Amidst the seeming absurdity of life, the text grapples with the pursuit of wisdom and the quest for purpose, ultimately suggesting that true fulfillment lies in embracing the present moment and finding contentment within the divine order.",21
BIBLE,The Love Ballads,"In a lyrical celebration of love and longing, a rich tapestry of sensual imagery and poetic expression unfolds. This evocative text captures the intense emotions and intimate exchanges between lovers, exploring the beauty and complexity of romantic desire. Through vivid metaphors and lush descriptions, it portrays a relationship that transcends physical attraction, delving into themes of devotion, passion, and mutual admiration. The work weaves together a dialogue that celebrates the joys and trials of love, presenting an enduring testament to the transformative power of deep emotional and spiritual connection.",22
BIBLE,The Prophetic Visions,"In a dramatic tapestry of prophecy and vision, a profound voice speaks from the midst of tumultuous times, addressing both the immediate and the distant future. This ancient seer delivers a series of powerful oracles and vivid imagery, highlighting the divine judgment upon nations and the promise of redemption. The narrative oscillates between warnings of impending calamity and promises of restoration, weaving a complex vision of hope, justice, and divine intervention. Through stark contrasts and lofty promises, the text envisions a coming era of peace and righteousness, painting a grandiose picture of a future where divine justice prevails and a new era of harmony is realized.",23
BIBLE,The Watcher,"In a period of impending disaster and national despair, a prophet's voice echoes through the corridors of history, laden with lamentation and stark warnings. The prophet, known for deep sorrow, delivers impassioned messages condemning the moral decay and idolatry of the people. The oracles paint a grim picture of imminent destruction and exile, yet amid the darkness, there are glimmers of hope and promises of renewal. The narrative captures the prophet's anguish, personal struggles, and unwavering commitment to divine truth, framing a story of judgment intertwined with a vision of eventual restoration and a new covenant.",24
BIBLE,The Lament,"In a somber reflection on devastation and loss, this poignant text mourns the utter ruin of a once-thriving city and its people. Through a series of elegiac poems, it captures the profound grief and despair following a catastrophic downfall. The verses vividly depict the city's desolation, the anguish of its inhabitants, and the perceived abandonment by the divine. Amidst the profound lament, there is an earnest cry for mercy and a fragile hope for restoration. The text serves as a raw and emotional testament to the consequences of collective failure and the enduring search for solace and redemption in the aftermath of profound calamity.",25
BIBLE,The Interpreter,"In a time of profound upheaval and exile, a visionary prophet delivers a series of striking and often surreal messages that blend divine judgment with a promise of future restoration. The visions are marked by dramatic symbolism and vivid imagery: from an enigmatic chariot and wheels to an eerie valley of dry bones brought back to life. The prophecies confront the moral decay and idolatry of the people while offering glimpses of a new covenant and a renewed, holy city. The narrative weaves together themes of divine retribution, purification, and hope, portraying a transformative vision of both judgment and redemption in a world on the brink of change.",26
BIBLE,The Harbinger,"In the heart of a foreign empire, a young man of exceptional wisdom navigates a world of intrigue and peril. The story unfolds through a series of dramatic dreams and divine revelations, blending courtly drama with apocalyptic visions. From interpreting cryptic dreams to surviving a den of lions, the protagonist's steadfast faith and uncanny insights shine amid political machinations and cultural conflicts. The narrative reveals grand visions of future kingdoms and cosmic battles, offering cryptic glimpses into the end times and the ultimate triumph of divine sovereignty. Through its tale of personal integrity and prophetic foresight, the story charts a path of resilience and hope in the face of overwhelming odds.",27
BIBLE,The Unfaithful Bride,"Amid a backdrop of moral decay and unfaithfulness, the narrative unfolds as a powerful allegory of divine love and betrayal. The prophet is tasked with marrying an unfaithful spouse, a personal ordeal that serves as a vivid metaphor for the relationship between the divine and the people. The oracles are steeped in themes of infidelity, judgment, and redemption, portraying a love that persists despite profound disloyalty and betrayal. Through intense imagery and heartfelt pleas, the story warns of impending judgment while holding out hope for reconciliation and renewal, highlighting a divine love that remains steadfast even in the face of profound betrayal.",28
BIBLE,The Day of Darkness,"In a time of devastation and crisis, a prophet delivers a message of both dire warning and hopeful promise. The vivid imagery describes a locust plague as a harbinger of divine judgment, symbolizing the coming Day of the Lord—a time of reckoning for nations and individuals alike. Amidst the portrayal of destruction and chaos, there is a vision of restoration and renewal: a promise of spiritual revival and abundant blessings. The narrative emphasizes themes of repentance, divine mercy, and the transformative power of redemption, envisioning a future where the divine presence is poured out upon all people, leading to a new era of peace and prosperity.",29
BIBLE,The Justice of the Shepherd,"In a time of apparent prosperity and social injustice, a prophet delivers a stark and uncompromising message. The narrative condemns the moral and ethical corruption of the people, denouncing the leaders and institutions that perpetuate injustice. Through vivid imagery and harsh critique, the prophet warns of impending judgment, using natural disasters and cosmic upheavals to underscore the severity of divine displeasure. Despite the focus on judgment, there is also a glimmer of hope, foretelling a future restoration where justice and righteousness will prevail. The story serves as a powerful critique of social inequality and a call for genuine repentance and reform.",30
BIBLE,The Fall of Edom,"In a brief but intense prophetic message, the narrative delivers a powerful oracle against a neighboring nation that has rejoiced over the downfall of another. The prophecy vividly portrays the arrogance and betrayal of this nation, predicting its swift and total downfall as divine retribution for its actions. The text underscores themes of justice and the consequences of treachery, emphasizing that no nation or individual can escape divine judgment. Amidst the harsh pronouncements, there is a vision of future restoration for the afflicted, highlighting the enduring sovereignty of the divine and the ultimate triumph of justice over those who seek to exploit and harm others.",31
BIBLE,The Reluctant Messenger,"In a tale of divine command and personal reluctance, a prophet is sent to warn a great city of impending destruction due to its moral failings. Initially resisting the call, the prophet flees and encounters a series of dramatic events, including being swallowed by a giant sea creature. After reluctantly fulfilling the divine mission, the prophet witnesses the city's unexpected repentance and subsequent salvation. The story delves into themes of grace, forgiveness, and the expansive nature of divine compassion, revealing a profound message about the boundless reach of mercy and the conflict between human reluctance and divine purpose.",32
BIBLE,The Call to Repent,"In a time of social injustice and moral decay, a prophet delivers a compelling message of judgment and hope. The oracles vividly describe the corruption and exploitation rampant among the people, condemning the leaders and institutions that perpetuate injustice. Amidst these stark warnings, there are also visions of future restoration and divine intervention. The text portrays a future where righteousness will prevail, with a promise of peace and the coming of a ruler from humble beginnings. Through its powerful imagery and prophetic visions, the message emphasizes the need for justice, humility, and genuine worship, offering a vision of redemption despite the current turmoil.",33
BIBLE,The Wrath of the Destroyer,"In a time of reckoning, a prophet delivers a fierce and vivid indictment against a once-powerful city now facing its inevitable downfall. The oracles paint a dramatic picture of destruction and divine vengeance, using powerful imagery of storms and devastation to symbolize the coming judgment. The text focuses on the city's moral corruption and cruelty, emphasizing that its sins will not go unpunished. Amidst the grim predictions, there is a sense of cosmic justice being served, as the prophet foresees the collapse of an empire and the restoration of balance. The message underscores the themes of divine retribution and the ultimate triumph of justice over tyranny and oppression.",34
BIBLE,The Faithful Watcher,"In a time of turmoil and distress, a prophet grapples with profound questions about justice and divine intervention. The dialogue reveals a deep struggle with the apparent triumph of evil and the seeming inaction of the divine. The prophet's poignant inquiries about why injustice prevails and why the righteous suffer are met with profound revelations of divine purpose and cosmic order. Amidst the raw questioning and existential angst, there is a vision of ultimate justice and a call to live by faith despite the uncertainties. The text captures the tension between human understanding and divine wisdom, ultimately affirming that faith and trust in the divine plan are essential in the face of life's challenges.",35
BIBLE,The Day of Wrath,"In a time of impending calamity and spiritual decay, a prophet delivers a stark message of divine judgment and purification. The narrative forewarns of the coming Day of the Lord, a period marked by overwhelming catastrophe and cosmic upheaval, as a result of pervasive corruption and idolatry. The oracles vividly describe the severity of the impending reckoning and the consequences for nations and individuals alike. Amidst the foreboding warnings, there is also a glimmer of hope: a vision of future purification and renewal, where the righteous are gathered and the divine presence brings peace and restoration. The text underscores the themes of judgment, justice, and the promise of a restored and purified community.",36
BIBLE,The Rebuilder's Call,"In a time of rebuilding and renewal, a prophet delivers a message of encouragement and divine promise to a people engaged in reconstructing their devastated temple. The narrative addresses the challenges and discouragement faced by the community, urging them to persevere in their efforts. Through vivid oracles, the prophet emphasizes the importance of reestablishing sacred worship and reassures the people of divine support and future glory. The text conveys a message of restoration, promising that the new temple will surpass the former in splendor, and highlights the divine commitment to bless and revitalize the community as they fulfill their sacred duties.",37
BIBLE,The Coming King,"In a period of restoration and hope, a prophet delivers a series of vivid and symbolic visions that blend divine promise with eschatological insight. The narrative includes dramatic scenes of angelic messengers, elaborate visions of cosmic and earthly events, and prophecies concerning the future of Jerusalem and the coming of a new era. The text emphasizes themes of divine justice, the ultimate triumph of righteousness, and the restoration of the sacred city. Amidst the powerful imagery and detailed predictions, there is a vision of renewed covenant, spiritual revitalization, and the coming of a messianic figure who will usher in a time of peace and divine favor.",38
BIBLE,The Purifier's Warning,"In a time of spiritual malaise and disillusionment, a prophet delivers a sharp critique and a message of impending change. The narrative addresses the community's moral and religious shortcomings, highlighting issues such as lax worship practices, social injustice, and a lack of reverence for the divine. Through incisive oracles, the prophet calls for genuine repentance and a return to faithful adherence to the covenant. The text foresees the coming of a messenger who will prepare the way for a new era of divine intervention and righteousness. Amidst the stern warnings, there is a promise of restoration and a renewed relationship between the divine and the people, heralding a transformative period of purification and renewal.",39
BIBLE,The Advent,"In a richly detailed narrative, the story unfolds with the arrival of a figure whose teachings and actions challenge established norms and offer a new vision of spiritual fulfillment. The text begins with a genealogy and nativity account that frames this figure as the fulfillment of ancient prophecies. His teachings, delivered through parables and sermons, emphasize themes of love, mercy, and the coming of the Kingdom of Heaven. Through a series of miracles, confrontations with religious leaders, and profound discourses, the narrative reveals the transformative impact of this figure's message. The story culminates in a dramatic sequence of betrayal, crucifixion, and resurrection, promising redemption and the establishment of a new covenant for all who follow.",40
BIBLE,The Messenger's Journey,"In a fast-paced and vivid narrative, the story of a dynamic figure unfolds with urgency and immediacy. The text focuses on his ministry, highlighting his powerful teachings, miraculous healings, and confrontations with authorities. Through a series of dramatic events, including exorcisms, parables, and acts of compassion, the narrative emphasizes his role as a revolutionary teacher and healer. The story builds towards a climactic sequence of betrayal, crucifixion, and a surprising resurrection, underscoring themes of sacrifice, redemption, and the inauguration of a new path for humanity. The brevity and directness of the account highlight the transformative impact of his message and actions.",41
BIBLE,The Healer's Story ,"In a detailed and compassionate narrative, the story of a remarkable figure unfolds with a focus on his inclusive and transformative message. The text begins with an account of his miraculous birth and early life, setting the stage for his ministry characterized by parables, teachings, and acts of healing. Emphasizing themes of social justice, mercy, and compassion, the narrative portrays his interactions with the marginalized and his challenges to established norms. The story progresses through his profound teachings, encounters with both followers and critics, and culminates in a dramatic sequence of betrayal, crucifixion, and a triumphant resurrection. The account highlights the universal scope of his mission and the promise of salvation for all people.",42
BIBLE,The Word Incarnate,"In a deeply theological and reflective narrative, the story of a profound figure is presented with an emphasis on his divine nature and cosmic significance. The text opens with a striking prologue that asserts his preexistence and role in the creation of the world. His ministry is depicted through a series of intimate dialogues, profound discourses, and miraculous signs that reveal his identity and mission. The narrative focuses on themes of eternal life, divine love, and the relationship between the divine and humanity. Key moments include his teachings on love and unity, his dramatic acts of healing, and the profound ""I Am"" statements. The story builds towards a climactic sequence of betrayal, crucifixion, and a triumphant resurrection, emphasizing the depth of his sacrificial love and the promise of eternal life for believers.",43
BIBLE,The Acts,"In a dynamic and expansive narrative, the story chronicles the early days of a burgeoning movement following a transformative figure's departure. The text details the spread of this movement through the actions of his closest followers, highlighting their journeys, miracles, and sermons. It begins with a dramatic event of divine empowerment and rapidly transitions into a series of missionary efforts, conflicts, and communal growth. The narrative portrays the challenges faced by the early believers, their interactions with diverse communities, and the formation of foundational practices and structures. Key episodes include the expansion into new regions, pivotal confrontations with authorities, and the establishment of early Christian communities. The story emphasizes the transformative impact of the movement and its expansion across the known world, underscoring themes of perseverance, divine guidance, and the inclusive nature of the new faith.",44
BIBLE,The Doctrine of Faith,"In a profound and systematic exploration of faith, the narrative presents an extensive theological discourse addressing fundamental aspects of salvation and righteousness. The text methodically outlines the nature of sin, the promise of redemption through a transformative figure, and the implications for both individuals and communities. Key themes include justification by faith, the role of grace, and the ethical implications of living in accordance with divine will. The narrative intertwines theological arguments with practical guidance, discussing the relationship between Jewish and Gentile believers, the nature of Christian living, and the role of the law. Through rigorous reasoning and personal exhortation, the text seeks to establish a foundation for understanding and living out the principles of the new faith.",45
BIBLE,The Letters to Corinth,"In a vibrant and often candid correspondence, the narrative addresses the complexities and challenges facing a young and diverse community. The text provides a detailed examination of issues ranging from ethical behavior and spiritual gifts to divisions within the congregation. It offers guidance on maintaining unity, addressing moral and social issues, and understanding the nature of love and resurrection. Through practical advice, theological insights, and personal exhortations, the narrative seeks to resolve conflicts, encourage spiritual growth, and reinforce the foundational principles of faith. The text underscores the importance of love, humility, and integrity in building a cohesive and thriving community amidst diverse and sometimes contentious circumstances.",46
BIBLE,The Continued Letters to Corinth,"In a heartfelt and defensive correspondence, the narrative continues addressing a community with whom the author has a complex and often strained relationship. The text blends personal reflections with theological insights, defending the author's authority and ministry while addressing issues of reconciliation and comfort. Key themes include the nature of true apostleship, the challenges of ministry, and the transformative power of suffering. The narrative offers a defense against critics, celebrates the joy of reconciliation, and provides practical guidance on generosity and ethical conduct. Through a combination of earnest appeals, personal testimony, and theological exposition, the text aims to strengthen the community's faith, resolve disputes, and reaffirm the enduring commitment to a life of authenticity and grace.",47
BIBLE,The Law of Grace,"In a passionate and direct address, the narrative confronts a community struggling with theological confusion and doctrinal disputes. The text robustly defends the core message of freedom through faith, countering the influence of those who seek to impose legalistic practices. Central themes include the contrast between living under the law versus living by faith, the role of grace in salvation, and the implications of Christian liberty. The narrative emphasizes the transformative power of faith and the importance of a genuine relationship with the divine over ritualistic adherence. Through strong arguments and personal testimony, the text calls for a return to the fundamental principles of the gospel, stressing that salvation comes through faith and not through human effort or adherence to the law.",48
BIBLE,The Unity of the Church,"In a profound and exalted narrative, the text explores the nature of the divine plan and the unity of believers within it. It presents a vision of the cosmic scope of salvation and the transformative impact of divine grace. Central themes include the nature of the church as the body of Christ, the unity of all believers, and the spiritual blessings available through faith. The narrative provides deep theological reflections on election, redemption, and the new identity of believers. It also offers practical guidance on living out this new identity, emphasizing the importance of unity, love, and ethical behavior in personal and communal life. Through a blend of high theological insight and practical exhortation, the text seeks to deepen understanding and inspire a life that reflects the divine calling and purpose.",49
BIBLE,The Letter of Joy,"In a warm and encouraging letter, the narrative offers a heartfelt message of joy, gratitude, and perseverance. Addressed to a supportive and beloved community, it reflects on the significance of unity, humility, and steadfastness in the face of adversity. Central themes include the joy found in a life of faith, the importance of mutual support, and the example of humility and service exemplified by a central figure. The narrative encourages the community to remain faithful and optimistic, despite challenges, and to cultivate a spirit of contentment and generosity. Through personal reflections, expressions of gratitude, and practical advice, the text seeks to strengthen the bonds within the community and inspire a deeper commitment to living out the principles of faith with joy and resilience.",50
BIBLE,The Supremacy of the Invisible,"In a thoughtful and doctrinally rich letter, the narrative addresses a community facing challenges related to heretical teachings and spiritual confusion. It emphasizes the supremacy and sufficiency of a central figure, portraying him as the image of the divine and the foundation of all creation. Central themes include the preeminence of this figure in all things, the completeness of salvation through him, and the transformation of believers' lives as a result of this divine relationship. The text provides theological insights into the nature of redemption, the cosmic significance of faith, and practical guidance on living out this new reality. Through a blend of exalted doctrine and ethical exhortation, the narrative seeks to reaffirm the core message of faith and encourage the community to maintain their spiritual focus and integrity.",51
BIBLE,The Hope of the People,"In an encouraging and supportive letter, the narrative addresses a community eager to understand and live out their faith amidst a backdrop of uncertainty. The text provides reassurance about the return of a central figure, offering comfort and clarity regarding the fate of those who have died and the hope of resurrection. Central themes include the importance of living a life worthy of divine calling, maintaining faith amidst persecution, and fostering mutual love and support. The letter emphasizes the value of ethical behavior, vigilance, and encouragement, aiming to strengthen the community's resolve and offer practical guidance for living in alignment with their spiritual beliefs and expectations.",52
BIBLE,The Warning to the People,"In a continuation of earlier correspondence, the narrative addresses ongoing concerns and misunderstandings about the end times and the second coming of a central figure. The text clarifies misconceptions about the timing of these events and reassures the community of the certainty of divine justice. Central themes include the perseverance of believers amidst trials, the consequences for those who oppose divine truth, and the call to remain steadfast and diligent in faith. The narrative combines encouragement with practical guidance on maintaining hope, ethical conduct, and communal unity, aiming to correct erroneous beliefs and reinforce the foundational principles of faith amidst confusion and challenge.",53
BIBLE,The Guidance of the Elder,"In a detailed and instructive letter, the narrative provides guidance on leading and organizing a community with a focus on establishing sound doctrine and ethical conduct. The text addresses practical matters such as church leadership, the roles of various members, and the management of communal life. Central themes include the importance of maintaining integrity in leadership, adhering to sound teaching, and fostering a spirit of faith and service. The letter offers advice on dealing with false teachings, promoting good works, and supporting individuals in their spiritual and moral development. Through a combination of practical directives and theological reflections, the narrative aims to establish a foundation for a healthy and effective community that upholds its core values and mission.",54
BIBLE,The Final Charge,"In a deeply personal and poignant letter, the narrative offers final exhortations and encouragement to a trusted leader facing challenges in his ministry. The text reflects on themes of perseverance, loyalty, and the enduring nature of faith amidst adversity. Central themes include the importance of remaining steadfast in preaching and teaching, the inevitability of trials, and the need for courage and commitment to the divine mission. The letter provides personal reflections on past experiences, encouragement to continue in sound doctrine, and practical advice for facing opposition. Through a combination of heartfelt appeals and motivational counsel, the narrative aims to fortify the leader's resolve and inspire continued dedication to the mission despite impending challenges and personal struggles.",55
BIBLE,The Example of Good Works,"In a practical and directive letter, the narrative provides guidance on establishing and maintaining effective leadership and organization within a community. The text emphasizes the importance of sound doctrine, ethical behavior, and good works as essential components of a vibrant and trustworthy community. Central themes include the qualifications and responsibilities of leaders, the need for integrity and respect in all interactions, and the promotion of a lifestyle that reflects core values and beliefs. The letter offers specific instructions on addressing various issues within the community, encouraging adherence to divine principles and fostering a positive and orderly environment. Through practical advice and clear directives, the narrative seeks to ensure the community's stability and faithfulness.",56
BIBLE,The Letter of Forgiveness,"In a personal and heartfelt letter, the narrative addresses an individual regarding a sensitive matter of forgiveness and reconciliation. The text pleads for the compassionate treatment of a former servant who has become a fellow believer. Central themes include the transformative power of forgiveness, the principles of Christian brotherhood, and the call to act out of love and mercy. The letter delicately balances personal appeal with theological reasoning, urging the recipient to embrace the principles of reconciliation and to view the individual in a new light as a valued member of the faith community. Through its personal tone and gentle persuasion, the narrative aims to foster a spirit of grace and unity within the community.",57
BIBLE,The Great High Priest,"In a theologically rich and contemplative letter, the narrative explores the profound significance of a central figure's role as a mediator between the divine and humanity. The text highlights the superiority of this figure over traditional religious practices and figures, emphasizing his unique role in fulfilling ancient promises and establishing a new covenant. Central themes include the contrast between old and new covenants, the ultimate efficacy of divine sacrifice, and the call to live with faith and perseverance. The letter weaves together deep theological insights with practical encouragement, urging the community to remain steadfast in their faith and to embrace the transformative power of this new relationship with the divine. Through its profound reflections and exhortations, the narrative seeks to deepen understanding and reinforce commitment to the principles of the new faith.",58
BIBLE,The Call to Action,"In a practical and direct letter, the narrative offers guidance on living out one's faith through actions and ethical behavior. The text emphasizes the importance of translating belief into practical deeds, focusing on themes such as the integration of faith and works, the value of humility, and the need for wisdom in navigating life's challenges. Central themes include the call to act justly, maintain integrity, and manage one's speech and conduct with care. The letter addresses issues of social justice, personal conduct, and communal harmony, providing clear advice on how to embody spiritual principles in everyday life. Through its straightforward exhortations and practical wisdom, the narrative aims to inspire believers to live authentically and responsibly in alignment with their faith.",59
BIBLE,The Endurance of Faith,"In a letter marked by pastoral care and encouragement, the narrative addresses believers facing trials and persecution. The text provides comfort and exhortation, focusing on themes of enduring faith, the refinement of character through suffering, and the hope of ultimate salvation. Central themes include the call to remain steadfast in the face of adversity, the importance of maintaining moral integrity, and the assurance of divine justice and reward. The letter encourages believers to live as examples of good conduct, to uphold their faith amidst difficulties, and to trust in the promise of future grace. Through its supportive and motivational tone, the narrative aims to fortify the community's resolve and inspire resilience and ethical living.",60
BIBLE,The Coming Judgment,"
In a letter characterized by urgent warnings and affirmations, the narrative addresses a community facing threats from false teachings and moral decay. The text emphasizes the importance of remaining steadfast in true doctrine, highlighting the certainty of divine promises and the need for vigilance against deception. Central themes include the validity of prophetic revelations, the assurance of future judgment, and the call to grow in faith and virtue. The letter combines strong admonitions with encouragement to cultivate spiritual maturity and maintain integrity amidst challenging circumstances. Through its blend of prophetic assurance and ethical exhortation, the narrative seeks to reinforce commitment to authentic teachings and encourage perseverance in the face of falsehood.",61
BIBLE,The Father's Love,"In a deeply reflective and reassuring letter, the narrative focuses on the fundamental aspects of love, truth, and fellowship within the community. The text emphasizes the nature of divine love and its transformative power, urging believers to embody this love in their relationships and actions. Central themes include the assurance of salvation, the importance of living in truth and righteousness, and the call to love one another as evidence of genuine faith. The letter addresses issues of false teaching and encourages discernment, while reaffirming the core tenets of faith and the assurance of divine presence. Through its blend of doctrinal clarity and practical encouragement, the narrative seeks to strengthen the community's commitment to living out their faith in love and truth.",62
BIBLE,The Truth in Love,"In a concise and urgent letter, the narrative addresses a community with a focus on the importance of adhering to the teachings of truth and love. The text warns against the influence of deceivers who distort foundational doctrines, emphasizing the need to remain faithful to authentic teachings and to practice love in accordance with divine principles. Central themes include the balance between truth and love, the rejection of false teachings, and the call to live in accordance with the commandments received. The letter combines strong admonitions with encouragement to maintain steadfastness in faith and to uphold the ethical and doctrinal integrity of the community. Through its direct and focused message, the narrative aims to safeguard the community from errors and reinforce their commitment to the core values of the faith.",63
BIBLE,The Example of Goodness,"
In a brief and personal letter, the narrative addresses issues of hospitality and leadership within a community. The text commends an individual for his faithful service and generosity, contrasting his positive example with the actions of another who has caused discord by rejecting proper hospitality and leadership. Central themes include the value of supporting true messengers of faith, the importance of living in alignment with divine principles, and the encouragement to uphold good conduct and leadership. The letter offers practical guidance on fostering unity and supporting those who genuinely advance the mission. Through its personal commendation and corrective advice, the narrative seeks to promote harmonious relationships and integrity within the community.",64
BIBLE,The Call to Persevere,"In a fervent and urgent letter, the narrative addresses a community under threat from intruders who distort and undermine foundational teachings. The text emphasizes the need to contend earnestly for the faith, highlighting the dangers of false teachers and the moral decay they bring. Central themes include the necessity of vigilance, the examples of past judgment on those who strayed, and the call to build up one's faith and maintain spiritual integrity. The letter combines stark warnings with encouragement to persevere, practice mercy, and remain steadfast in truth. Through its passionate and corrective message, the narrative aims to protect the community from corruption and reinforce their commitment to the core principles of their faith.",65
BIBLE,The Final Revelation,"In a richly symbolic and visionary narrative, the text unveils a dramatic portrayal of cosmic conflict and divine resolution. The narrative describes a series of apocalyptic visions and revelations given to a central figure, revealing the ultimate struggle between good and evil. Central themes include the final judgment, the triumph of divine justice, and the establishment of a new, eternal order. The text features vivid imagery of celestial battles, divine intervention, and the promise of renewal and restoration. Through its complex symbolism and foreboding imagery, the narrative seeks to provide hope, encourage faithfulness, and assure believers of the ultimate victory of divine purposes over chaos and opposition.",66